USE `mydb`;

INSERT INTO `CategoriaProdutos` (`nomeCategoria`) VALUES
('Camisetas'),
('Calças Jeans'),
('Calças de Sarja'),
('Bermudas'),
('Saias'),
('Vestidos'),
('Sapatos'),
('Tênis'),
('Sandálias'),
('Bolsas'),
('Carteiras'),
('Cintos'),
('Jaquetas'),
('Casacos'),
('Roupas Íntimas'),
('Meias'),
('Acessórios'),
('Moda Praia'),
('Roupas Esportivas'),
('Moletons');

INSERT INTO `Fornecedor` (`nomeFornecedor`, `email`) VALUES
('Têxtil Brasil Ltda', 'contato@textilbrasil.com'),
('Malhas & Cia', 'vendas@malhasecia.com'),
('Couro Fino S.A.', 'comercial@courofino.com'),
('Jeans Premium', 'contato@jeanspremium.com.br'),
('SportWear Inc.', 'suporte@sportwearinc.com'),
('Acessórios da Moda', 'pedidos@acessoriosdamoda.com'),
('Calçados Conforto', 'faleconosco@calcadosconforto.com'),
('Verão Estampado', 'contato@veraoestampado.com'),
('Fio Nobre Malharia', 'vendas@fionobre.com.br'),
('Atacado de Roupas SP', 'pedido@atacadoroupassp.com'),
('Importadora de Luxo', 'compras@importluxo.com'),
('Moda Íntima Delicada', 'contato@delicada.com'),
('Inverno Rigoroso Confecções', 'vendas@invernorigoroso.com'),
('Sintéticos Modernos', 'contato@sinteticosmodernos.com'),
('Algodão Puro', 'comercial@algodaopuro.com'),
('Sapataria Artesanal', 'contato@sapatariaartesanal.com'),
('Bolsas de Grife Outlet', 'contato@bolsasgrifeoutlet.com'),
('Uniformes Corporativos', 'vendas@uniformescorp.com'),
('Moda Fitness BR', 'contato@modafitnessbr.com'),
('Estilo Urbano Confecções', 'comercial@estilourbano.com');

INSERT INTO `EnderecoFornecedor` (`Fornecedor_idFornecedor`, `rua`, `bairro`, `cep`, `numero`, `complemento`, `UF`, `cidade`) VALUES
(1, 'Rua das Indústrias', 'Distrito Industrial', '50740-540', 100, 'Galpão A', 'PE', 'Recife'),
(2, 'Avenida Paulista', 'Bela Vista', '01311-000', 1500, 'Andar 10', 'SP', 'São Paulo'),
(3, 'Rua do Couro', 'Centro', '90020-001', 50, NULL, 'RS', 'Porto Alegre'),
(4, 'Avenida da Moda', 'Jardins', '01415-000', 2020, 'Loja 3', 'SP', 'São Paulo'),
(5, 'Rua dos Atletas', 'Barra da Tijuca', '22640-100', 300, NULL, 'RJ', 'Rio de Janeiro'),
(6, 'Travessa das Bijuterias', 'Comércio', '40015-010', 15, 'Box 4', 'BA', 'Salvador'),
(7, 'Alameda dos Sapatos', 'Moema', '04514-000', 880, NULL, 'SP', 'São Paulo'),
(8, 'Rua da Praia', 'Boa Viagem', '51020-000', 4500, 'Loja 10', 'PE', 'Recife'),
(9, 'Avenida Têxtil', 'Brás', '03013-000', 700, 'Galpão 5', 'SP', 'São Paulo'),
(10, 'Rua 25 de Março', 'Centro', '01021-200', 1001, NULL, 'SP', 'São Paulo'),
(11, 'Avenida Faria Lima', 'Itaim Bibi', '04538-133', 4550, 'Conjunto 81', 'SP', 'São Paulo'),
(12, 'Rua da Lingerie', 'Juruaia', '37805-000', 25, NULL, 'MG', 'Juruaia'),
(13, 'Rua das Araucárias', 'Centro Cívico', '80530-000', 120, 'Sala 4', 'PR', 'Curitiba'),
(14, 'Avenida do Plástico', 'Alphaville', '06454-000', 900, NULL, 'SP', 'Barueri'),
(15, 'Estrada do Algodão', 'Zona Rural', '55000-000', 350, 'Fazenda Santa Fé', 'PE', 'Caruaru'),
(16, 'Rua dos Sapateiros', 'Franca', '14400-000', 123, NULL, 'SP', 'Franca'),
(17, 'Avenida das Bolsas', 'Lourdes', '30170-001', 500, 'Loja 2', 'MG', 'Belo Horizonte'),
(18, 'Rua do Trabalho', 'Centro', '89010-000', 987, NULL, 'SC', 'Blumenau'),
(19, 'Avenida do Esporte', 'Vila Olímpia', '04551-000', 789, 'Andar 3', 'SP', 'São Paulo'),
(20, 'Rua Augusta', 'Consolação', '01305-000', 1122, NULL, 'SP', 'São Paulo');

INSERT INTO `TelefoneFornecedor` (`numero`, `Fornecedor_idFornecedor`) VALUES
('(81) 3333-4444', 1),
('(11) 2222-3333', 2),
('(51) 98888-7777', 3),
('(11) 4567-8901', 4),
('(21) 3000-4000', 5),
('(71) 3232-5656', 6),
('(11) 5555-1234', 7),
('(81) 99999-8888', 8),
('(11) 2345-6789', 9),
('(11) 3322-1100', 10),
('(11) 3030-4040', 11),
('(35) 3553-1010', 12),
('(41) 3001-2002', 13),
('(11) 4191-8080', 14),
('(81) 3721-0000', 15),
('(16) 3700-5000', 16),
('(31) 3299-8877', 17),
('(47) 3381-6000', 18),
('(11) 3845-9090', 19),
('(11) 3151-2020', 20);

INSERT INTO `Clientes` (`nomeCliente`) VALUES
('João da Silva'),
('Maria Oliveira'),
('Carlos Pereira'),
('Ana Souza'),
('Pedro Santos'),
('Juliana Costa'),
('Marcos Lima'),
('Fernanda Almeida'),
('Ricardo Martins'),
('Camila Ribeiro'),
('Lucas Gonçalves'),
('Beatriz Ferreira'),
('Gustavo Rodrigues'),
('Larissa Alves'),
('Felipe Barbosa'),
('Patrícia Gomes'),
('Thiago Azevedo'),
('Letícia Rocha'),
('Bruno Carvalho'),
('Amanda Dias');

INSERT INTO `EnderecoCliente` (`rua`, `bairro`, `cep`, `numero`, `complemento`, `UF`, `cidade`, `Clientes_idCliente`) VALUES
('Rua da Moeda', 'Recife Antigo', '50030-040', 10, 'Apto 101', 'PE', 'Recife', 1),
('Avenida Boa Viagem', 'Boa Viagem', '51011-000', 2020, 'Apto 502', 'PE', 'Recife', 2),
('Rua do Hospício', 'Boa Vista', '50050-050', 300, NULL, 'PE', 'Recife', 3),
('Avenida Rio Branco', 'Centro', '20090-003', 156, 'Sala 200', 'RJ', 'Rio de Janeiro', 4),
('Rua Oscar Freire', 'Jardins', '01426-000', 450, 'Loja 5', 'SP', 'São Paulo', 5),
('Avenida Beira Mar', 'Meireles', '60165-121', 3030, 'Apto 804', 'CE', 'Fortaleza', 6),
('Rua da Consolação', 'Consolação', '01301-000', 2000, 'Apto 12B', 'SP', 'São Paulo', 7),
('Avenida Afonso Pena', 'Centro', '30130-001', 500, 'Apto 301', 'MG', 'Belo Horizonte', 8),
('Rua das Laranjeiras', 'Laranjeiras', '22240-000', 123, NULL, 'RJ', 'Rio de Janeiro', 9),
('Avenida Ipiranga', 'República', '01039-000', 800, 'Apto 707', 'SP', 'São Paulo', 10),
('Rua da Aurora', 'Santo Amaro', '50030-001', 255, 'Apto 402', 'PE', 'Recife', 11),
('Praça da Sé', 'Sé', '01001-000', 10, NULL, 'SP', 'São Paulo', 12),
('Avenida Sete de Setembro', 'Centro', '40060-001', 2021, 'Apto 901', 'BA', 'Salvador', 13),
('Rua XV de Novembro', 'Centro', '80020-310', 456, 'Andar 6', 'PR', 'Curitiba', 14),
('Avenida Atlântica', 'Copacabana', '22070-001', 3000, 'Apto 1101', 'RJ', 'Rio de Janeiro', 15),
('Rua dos Pinheiros', 'Pinheiros', '05422-000', 789, 'Casa 2', 'SP', 'São Paulo', 16),
('Avenida Epitácio Pessoa', 'Tambaú', '58039-000', 1010, 'Apto 1503', 'PB', 'João Pessoa', 17),
('Rua do Bom Jesus', 'Recife Antigo', '50030-170', 183, 'Apto 303', 'PE', 'Recife', 18),
('Avenida Brigadeiro Faria Lima', 'Itaim Bibi', '01452-002', 1234, 'Conjunto 10', 'SP', 'São Paulo', 19),
('Rua da Praia de Belas', 'Praia de Belas', '90110-001', 500, NULL, 'RS', 'Porto Alegre', 20);

INSERT INTO `TelefoneCliente` (`numero`, `Clientes_idCliente`) VALUES
('(81) 98877-6655', 1),
('(81) 98818-2792', 2),
('(81) 99988-7766', 2),
('(81) 98123-4567', 3),
('(21) 99876-5432', 4),
('(11) 98765-4321', 5),
('(85) 99111-2222', 6),
('(11) 98222-3333', 7),
('(31) 99333-4444', 8),
('(21) 98444-5555', 9),
('(11) 99555-6666', 10),
('(27) 92580-9013', 10),
('(81) 98666-7777', 11),
('(11) 99777-8888', 12),
('(71) 98888-9999', 13),
('(41) 99999-0000', 14),
('(21) 98100-2000', 15),
('(11) 99200-3000', 16),
('(83) 98300-4000', 17),
('(81) 99400-5000', 18),
('(11) 98500-6000', 19),
('(51) 99600-7000', 20);

INSERT INTO `Funcionario` (`nome`, `cargo`, `contato`, `salario`) VALUES
('Roberto Carlos', 'Vendedor', '(81) 99999-1111', 2500.00),
('Simone Andrade', 'Vendedor', '(81) 98888-2222', 2500.00),
('Fernando Lima', 'Vendedor', '(81) 97777-3333', 2500.00),
('Cláudia Leite', 'Gerente de Loja', '(81) 96666-4444', 6000.00),
('Daniel Alves', 'Vendedor', '(81) 95555-5555', 2500.00),
('Ivete Sangalo', 'Caixa', '(81) 94444-6666', 1800.00),
('Gilberto Gil', 'Estoquista', '(81) 93333-7777', 1700.00),
('Caetano Veloso', 'Supervisor de Vendas', '(81) 92222-8888', 3500.00),
('Maria Bethânia', 'Vendedor', '(81) 91111-9999', 2500.00),
('Gal Costa', 'Vendedor', '(81) 99876-1234', 2500.00),
('Chico Buarque', 'Gerente de Marketing', '(81) 98765-4321', 7000.00),
('Elis Regina', 'Analista Financeiro', '(81) 97654-3210', 4500.00),
('Tom Jobim', 'Visual Merchandising', '(81) 96543-2109', 3200.00),
('Vinicius de Moraes', 'Segurança', '(81) 95432-1098', 1900.00),
('Nara Leão', 'Auxiliar de Limpeza', '(81) 94321-0987', 1500.00),
('Jorge Ben Jor', 'Estoquista', '(81) 93210-9876', 1700.00),
('Tim Maia', 'Vendedor', '(81) 92109-8765', 2500.00),
('Raul Seixas', 'Vendedor', '(81) 91098-7654', 2500.00),
('Cazuza', 'Caixa', '(81) 90987-6543', 1800.00),
('Renato Russo', 'Gerente Regional', '(11) 99999-0000', 9500.00);

INSERT INTO `Vendedor` (`Funcionario_idFuncionario`, `comissao`) VALUES
(1, 5.00),
(2, 5.00),
(3, 5.00),
(5, 5.00),
(8, 7.50),
(9, 5.00),
(10, 5.00),
(17, 5.00),
(18, 5.00);

INSERT INTO `Produtos` (`marca`, `cor`, `tamanho`, `preco`, `descricao`, `nome`, `CategoriaProdutos_idCategoria`, `Fornecedor_idFornecedor`) VALUES
('Hering', 'Branca', 'M', 49.90, 'Camiseta básica de algodão', 'Camiseta Básica Gola V', 1, 1),
('Levi\'s', 'Azul Escuro', '42', 299.90, 'Calça jeans tradicional 501', 'Calça Jeans 501', 2, 4),
('Aramis', 'Bege', '40', 189.90, 'Calça de sarja slim fit', 'Calça Sarja Slim', 3, 9),
('Nike', 'Preta', 'G', 129.90, 'Bermuda esportiva com tecnologia Dri-Fit', 'Bermuda Dri-Fit', 4, 5),
('Farm', 'Estampada', 'P', 259.90, 'Saia longa com estampa floral', 'Saia Longa Floral', 5, 8),
('Zara', 'Vermelho', 'M', 319.90, 'Vestido de festa longo', 'Vestido Longo Cetim', 6, 11),
('Arezzo', 'Preto', '36', 359.90, 'Sapato scarpin de couro', 'Scarpin Couro', 7, 3),
('Adidas', 'Branco', '41', 399.90, 'Tênis casual modelo Stan Smith', 'Tênis Stan Smith', 8, 5),
('Havaianas', 'Azul', '39/40', 45.90, 'Sandália clássica Brasil', 'Sandália Brasil', 9, 8),
('Schutz', 'Caramelo', 'Único', 599.90, 'Bolsa de couro estruturada', 'Bolsa Tote Couro', 10, 17),
('Tommy Hilfiger', 'Preta', 'Único', 199.90, 'Carteira masculina de couro', 'Carteira Couro', 11, 11),
('Diesel', 'Marrom', '100cm', 159.90, 'Cinto de couro com fivela de metal', 'Cinto de Couro', 12, 3),
('The North Face', 'Preta', 'G', 799.90, 'Jaqueta corta-vento impermeável', 'Jaqueta Corta-Vento', 13, 13),
('C&A', 'Cinza Mescla', 'M', 250.00, 'Casaco de lã batida', 'Casaco Lã Batida', 14, 13),
('Lupo', 'Branca', 'M', 39.90, 'Cueca boxer de microfibra sem costura', 'Cueca Boxer Microfibra', 15, 12),
('Lupo', 'Preta', '38-42', 19.90, 'Meia social de algodão', 'Meia Social Algodão', 16, 12),
('Ray-Ban', 'Dourado', 'Único', 550.00, 'Óculos de sol modelo Aviador', 'Óculos Aviador', 17, 6),
('Salinas', 'Estampado', 'M', 299.90, 'Biquíni cortininha', 'Biquíni Cortininha', 18, 8),
('Adidas', 'Cinza', 'G', 179.90, 'Calça de moletom esportiva', 'Calça Moletom Adidas', 19, 5),
('Gap', 'Azul Marinho', 'GG', 229.90, 'Moletom com capuz e logo frontal', 'Moletom Capuz GAP', 20, 1),
('Hering', 'Preta', 'P', 49.90, 'Camiseta básica de algodão', 'Camiseta Básica Gola Careca', 1, 1),
('Colcci', 'Azul Claro', '38', 350.00, 'Calça jeans skinny com lavagem', 'Calça Jeans Skinny', 2, 4),
('Vans', 'Preto', '40', 329.90, 'Tênis Old Skool clássico', 'Tênis Old Skool', 8, 7),
('Renner', 'Vinho', 'M', 199.90, 'Jaqueta de couro sintético', 'Jaqueta Couro Sintético', 13, 14),
('Riachuelo', 'Branca', 'P', 159.90, 'Bata com detalhes bordados', 'Bata Bordada', 6, 9),
('Nike', 'Branco', '39', 250.00, 'Tênis de corrida', 'Tênis Revolution', 8, 5),
('Arezzo', 'Nude', '37', 280.00, 'Sandália de salto bloco', 'Sandália Salto Bloco', 9, 3),
('Gucci', 'Marrom', 'Único', 1200.00, 'Cinto de couro com logo GG', 'Cinto GG', 12, 11),
('Polo Ralph Lauren', 'Azul', 'M', 250.00, 'Camisa Polo Clássica', 'Camisa Polo', 1, 9),
('Calvin Klein', 'Preta', 'P', 79.90, 'Top de algodão', 'Top Calvin Klein', 15, 12);

INSERT INTO `Estoque` (`quantidade`, `dataEntrada`, `dataSaida`, `Produtos_idProduto`) VALUES
(50, '2025-01-10 09:00:00', '2025-10-01 18:00:00', 1),
(30, '2025-01-10 09:00:00', '2025-09-25 15:00:00', 2),
(40, '2025-02-15 10:00:00', '2025-10-05 11:00:00', 3),
(60, '2025-02-15 10:00:00', '2025-09-30 14:00:00', 4),
(25, '2025-03-20 11:00:00', '2025-10-02 16:00:00', 5),
(20, '2025-03-20 11:00:00', '2025-10-06 12:00:00', 6),
(35, '2025-04-01 09:30:00', '2025-09-28 17:00:00', 7),
(70, '2025-04-01 09:30:00', '2025-10-04 10:00:00', 8),
(100, '2025-05-10 14:00:00', '2025-10-01 18:00:00', 9),
(15, '2025-05-10 14:00:00', '2025-09-29 19:00:00', 10),
(50, '2025-06-05 08:00:00', '2025-10-05 13:00:00', 11),
(45, '2025-06-05 08:00:00', '2025-09-27 11:00:00', 12),
(20, '2025-07-12 10:00:00', '2025-10-03 15:00:00', 13),
(30, '2025-07-12 10:00:00', '2025-10-06 14:00:00', 14),
(80, '2025-08-01 11:00:00', '2025-09-30 18:00:00', 15),
(120, '2025-08-01 11:00:00', '2025-10-02 17:00:00', 16),
(25, '2025-08-20 13:00:00', '2025-10-04 16:00:00', 17),
(40, '2025-08-20 13:00:00', '2025-09-26 12:00:00', 18),
(50, '2025-09-01 09:00:00', '2025-10-05 10:00:00', 19),
(30, '2025-09-01 09:00:00', '2025-10-01 09:00:00', 20),
(50, '2025-09-10 09:00:00', '2025-10-02 10:00:00', 21),
(30, '2025-09-10 09:00:00', '2025-10-03 11:00:00', 22),
(60, '2025-09-15 10:00:00', '2025-10-04 12:00:00', 23),
(25, '2025-09-15 10:00:00', '2025-10-05 13:00:00', 24),
(40, '2025-09-20 11:00:00', '2025-10-06 14:00:00', 25);

INSERT INTO `Promocoes` (`nomePromocao`, `descricao`, `tipoDesconto`, `valorDesconto`, `dataInicio`, `qtdDias`, `status`) VALUES
('Liquida Verão', 'Descontos de até 50% em peças de verão', 'percentual', 50.00, '2025-01-15 00:00:00', 15, 'inativo'),
('Black Friday', 'A maior promoção do ano', 'percentual', 70.00, '2024-11-25 00:00:00', 3, 'inativo'),
('Semana do Jeans', 'Compre 2 calças jeans e ganhe 20% OFF na segunda peça', 'percentual', 20.00, '2025-08-10 00:00:00', 7, 'inativo'),
('Dia das Mães', 'Presentes especiais com 15% de desconto', 'percentual', 15.00, '2025-05-01 00:00:00', 12, 'inativo'),
('Dia dos Pais', 'Descontos em produtos masculinos', 'percentual', 15.00, '2025-08-01 00:00:00', 10, 'inativo'),
('Queima de Estoque Inverno', 'Peças de inverno com preço de custo', 'percentual', 60.00, '2025-09-01 00:00:00', 30, 'ativo'),
('Aniversário da Loja', 'Toda a loja com 10% de desconto', 'percentual', 10.00, '2025-10-01 00:00:00', 5, 'ativo'),
('Leve 3 Pague 2 - Básicos', 'Compre 3 camisetas básicas e pague apenas 2', 'fixo', 49.90, '2025-09-15 00:00:00', 30, 'ativo'),
('Desconto Progressivo', '1 peça 10%, 2 peças 15%, 3 ou mais 20%', 'percentual', 20.00, '2025-07-01 00:00:00', 31, 'inativo'),
('Cupom de Primeira Compra', 'R$50 de desconto na sua primeira compra acima de R$250', 'fixo', 50.00, '2025-01-01 00:00:00', 365, 'ativo');

INSERT INTO `Vendas` (`status`, `formaPagamento`, `dataVenda`, `valorTotal`, `Vendedor_Funcionario_idFuncionario`, `Clientes_idCliente`) VALUES
('Concluída', 'Cartão de Crédito', '2025-03-12 10:30:00', 349.80, 1, 2),
('Concluída', 'PIX', '2025-04-05 11:15:00', 49.90, 2, 5),
('Concluída', 'Cartão de Débito', '2025-04-22 14:00:00', 589.80, 3, 1),
('Concluída', 'Dinheiro', '2025-05-18 16:45:00', 129.90, 5, 8),
('Concluída', 'Cartão de Crédito', '2025-05-30 10:00:00', 299.90, 9, 11),
('Pendente', 'PIX', '2025-06-11 18:30:00', 445.80, 10, 15),
('Concluída', 'Cartão de Crédito', '2025-06-25 12:00:00', 799.80, 1, 4),
('Concluída', 'Cartão de Débito', '2025-07-09 13:20:00', 550.00, 2, 7),
('Concluída', 'PIX', '2025-07-21 15:10:00', 99.80, 3, 18),
('Concluída', 'Cartão de Crédito', '2025-08-02 17:00:00', 45.90, 5, 20),
('Cancelada', 'PIX', '2025-08-19 19:00:00', 329.90, 9, 3),
('Concluída', 'Cartão de Crédito', '2025-09-03 11:00:00', 849.80, 10, 12),
('Concluída', 'Dinheiro', '2025-09-15 14:30:00', 199.90, 1, 14),
('Concluída', 'Cartão de Débito', '2025-09-28 09:45:00', 39.80, 2, 9),
('Concluída', 'PIX', '2025-10-01 10:15:00', 599.90, 3, 19),
('Concluída', 'Cartão de Crédito', '2025-10-03 12:00:00', 179.90, 5, 6),
('Concluída', 'Cartão de Crédito', '2025-10-06 13:00:00', 229.90, 9, 13),
('Pendente', 'PIX', '2025-08-07 14:30:00', 229.90, 1, 13);

INSERT INTO `vendasProduto` (`Vendas_idVendas`, `Produtos_idProduto`, `precoUn`, `qtd`) VALUES
(1, 2, 299.90, 1),
(1, 1, 49.90, 1),
(2, 1, 49.90, 1),
(3, 8, 399.90, 1),
(3, 3, 189.90, 1),
(4, 4, 129.90, 1),
(5, 18, 299.90, 1),
(6, 9, 45.90, 1),
(6, 23, 399.90, 1),
(7, 8, 399.90, 2),
(8, 17, 550.00, 1),
(9, 1, 49.90, 2),
(10, 9, 45.90, 1),
(11, 23, 329.90, 1),
(12, 13, 799.90, 1),
(12, 16, 19.90, 1),
(12, 15, 29.90, 1),
(13, 24, 199.90, 1),
(14, 16, 19.90, 2),
(15, 10, 599.90, 1),
(16, 19, 179.90, 1),
(17, 20, 229.90, 1);

INSERT INTO `ProdutoDescontado` (`Promocoes_idPromocao`, `Produtos_idProduto`, `preco UN`, `qtd`) VALUES
(6, 13, 319.96, 1),
(6, 14, 100.00, 1),
(6, 20, 91.96, 1),
(6, 24, 79.96, 1),
(7, 1, 44.91, 1),
(7, 2, 269.91, 1),
(7, 7, 323.91, 1),
(7, 8, 359.91, 1),
(8, 1, 0.00, 3),
(8, 21, 0.00, 3),
(10, 2, 249.90, 1);